{
  "modifiers": [
    {
      "type": "surface_rule",
      "config": {
        "surface_rule": {
          "type": "minecraft:condition",
          "if_true": {
            "type": "minecraft:biome",
            "biome_is": [
              "biomesoplenty:end_wilds"
            ]
          },
          "then_run": {
            "type": "minecraft:sequence",
            "sequence": [
              {
                "type": "minecraft:condition",
                "if_true": {
                  "type": "minecraft:stone_depth",
                  "add_surface_depth": false,
                  "offset": 0,
                  "secondary_depth_range": 0,
                  "surface_type": "floor"
                },
                "then_run": {
                  "type": "minecraft:block",
                  "result_state": {
                    "Name": "biomesoplenty:algal_end_stone"
                  }
                }
              },
              {
                "type": "minecraft:block",
                "result_state": {
                  "Name": "minecraft:end_stone"
                }
              }
            ]
          }
        }
      }
    }
  ],
  "priority": "normal",
  "selector": "minecraft:the_end"
}